team,url,ncaa_id,division
Academy of Art,https://artuathletics.com/sports/mens-soccer,30123,II
Adams St.,https://asugrizzlies.com/sports/mens-soccer,588069,II
Adelphi,https://aupanthers.com/sports/mens-soccer,3,II
Adrian,https://adrianbulldogs.com/sports/mens-soccer,588431,III
Air Force,https://goairforcefalcons.com/sports/mens-soccer,721,I
Akron,https://gozips.com/sports/mens-soccer,5,I
Alabama Huntsville,https://uahchargers.com/sports/mens-soccer,588198,II
Albany,https://ualbanysports.com/sports/mens-soccer,14,I
Albertus Magnus,https://www.albertusfalcons.com/sports/msoc/index,588331,III
Albion,https://gobrits.com/sports/mens-soccer,15,III
Albright,https://albrightathletics.com/sports/mens-soccer,16,III
Alfred,https://gosaxons.com/sports/mens-soccer,18,III
Alfred State,https://alfredstateathletics.com/sports/mens-soccer,588335,III
Allegheny,https://alleghenygators.com/sports/mens-soccer,19,III
Alma,https://almascots.com/sports/mens-soccer,21,III
Alvernia,https://auwolves.com/sports/mens-soccer,938,III
American,https://aueagles.com/sports/mens-soccer,23,I
American Int'l,https://www.aicyellowjackets.com/sports/msoc/index,588199,II
Amherst,https://athletics.amherst.edu/sports/mens-soccer,588438,III
Anderson (IN),https://aua.prestosports.com/sports/msoc/index,939,III
Anderson (SC),https://autrojans.com/sports/mens-soccer,13028,II
Anna Maria,https://www.goamcats.com/sports/msoc/index,588439,III
Arcadia,https://arcadiaknights.com/sports/mens-soccer,966,III
Army,https://goarmywestpoint.com/sports/mens-soccer,725,I
Asbury,https://asburyeagles.com/sports/mens-soccer,588540,III
Ashland,https://goashlandeagles.com/sports/mens-soccer,35,II
Assumption,https://assumptiongreyhounds.com/sports/mens-soccer,36,II
Augsburg,https://athletics.augsburg.edu/sports/mens-soccer,38,III
Augustana (IL),https://athletics.augustana.edu/sports/mens-soccer,588441,III
AUM,https://aumathletics.com/sports/mens-soccer,30093,II
Aurora,https://athletics.aurora.edu/sports/mens-soccer,42,III
Austin,https://acroos.com/sports/msoc/index,588361,III
Averett,https://averettcougars.com/sports/mens-soccer,44,III
Azusa Pacific,https://athletics.apu.edu/sports/mens-soccer,588168,II
Babson,https://babsonathletics.com/sports/mens-soccer,45,III
Baldwin Wallace,https://bwyellowjackets.com/sports/mens-soccer,46,III
Bard,https://bardathletics.com/sports/mens-soccer,962,III
Barry,https://gobarrybucs.com/sports/mens-soccer,49,II
Barton,https://bartonbulldogs.com/sports/mens-soccer,588139,II
Baruch,https://athletics.baruch.cuny.edu/sports/mens-soccer,58,III
Bates,https://gobatesbobcats.com/sports/mens-soccer,50,III
Belhaven,https://blazers.belhaven.edu/sports/mens-soccer,30197,III
Bellarmine,https://athletics.bellarmine.edu/sports/mens-soccer,52,I
Belmont,https://belmontbruins.com/sports/mens-soccer,14927,I
Belmont Abbey,https://abbeyathletics.com/sports/mens-soccer,2683,II
Beloit,https://beloitcollegeathletics.com/sports/mens-soccer,588447,III
Benedictine (IL),https://benueagles.com/sports/mens-soccer,296,III
Bentley,https://bentleyfalcons.com/sports/mens-soccer,56,II
Berea,https://bereaathletics.com/sports/mens-soccer,30171,III
Berry,https://www.berryvikings.com/sports/mens-soccer,973,III
Bethany (WV),https://www.bethanybison.com/sports/msoc/index,588449,III
Bethany Lutheran,https://blcvikings.com/sports/mens-soccer,30038,III
Bethel (MN),https://athletics.bethel.edu/sports/mens-soccer,60,III
Binghamton,https://bubearcats.com/sports/mens-soccer,62,I
Biola,https://athletics.biola.edu/sports/mens-soccer,30220,II
Blackburn,https://www.blackburnbeavers.com/sports/msoc/index,588451,III
Bloomfield,https://bcbearsathletics.com/sports/mens-soccer,588071,II
Bloomsburg,https://buhuskies.com/sports/mens-soccer,65,II
Bluffton,https://blufftonbeavers.com/sports/msoc/index,588366,III
Boston,https://goterriers.com/sports/mens-soccer,68,I
Boston College,https://bceagles.com/sports/mens-soccer,67,I
Bowdoin,https://athletics.bowdoin.edu/sports/mens-soccer,69,III
Bowling Green,https://bgsufalcons.com/sports/mens-soccer,71,I
Bradley,https://bradleybraves.com/sports/mens-soccer,72,I
Brandeis,https://brandeisjudges.com/sports/mens-soccer,73,III
Brevard,https://bctornados.com/sports/mens-soccer,588430,III
Bridgeport,https://www.ubknights.com/sports/msoc/index,588006,II
Bridgewater (VA),https://bridgewatereagles.com/sports/mens-soccer,75,III
Bridgewater State,https://www.bsubears.com/sports/msoc/index,588455,III
Brooklyn,https://www.brooklyncollegeathletics.com/sports/mens-soccer,588457,III
Brown,https://brownbears.com/sports/mens-soccer,80,I
Bryant,https://bryantbulldogs.com/sports/mens-soccer,81,I
Bryn Athyn,https://brynathynathletics.com/sports/mens-soccer,30188,III
Bucknell,https://bucknellbison.com/sports/mens-soccer,83,I
Buena Vista,https://bvuathletics.com/sports/mens-soccer,84,III
Buffalo State,https://buffalostateathletics.com/sports/mens-soccer,588459,III
Butler,https://butlersports.com/sports/mens-soccer,87,I
Cairn,https://www.cairnhighlanders.com/sports/mens-soccer,1305,III
Cal Lutheran,https://clusports.com/sports/mens-soccer,588462,III
Cal Poly,https://gopoly.com/sports/mens-soccer,90,I
Cal Poly Humboldt,https://humboldtathletics.com/sports/mens-soccer,588028,II
Cal Poly Pomona,https://broncoathletics.com/sports/mens-soccer,588007,II
Cal St. Dom. Hills,https://gotoros.com/sports/mens-soccer,92,II
Cal St. East Bay,https://eastbaypioneers.com/sports/mens-soccer,98,II
Cal St. Monterey Bay,https://otterathletics.com/sports/mens-soccer,30055,II
Cal St. San Bernardino,https://www.csusbathletics.com/sports/mens-soccer,93,II
Cal St. San Marcos,https://csusmcougars.com/sports/mens-soccer,30198,II
Cal State Bakersfield,https://gorunners.com/sports/mens-soccer,94,I
Cal State Fullerton,https://fullertontitans.com/sports/mens-soccer,97,I
Cal State LA,https://lagoldeneagles.com/sports/mens-soccer,100,II
Cal U (PA),https://calvulcans.com/sports/mens-soccer,106,II
Caldwell,https://caldwellathletics.com/sports/mens-soccer,995,II
California,https://calbears.com/sports/mens-soccer,107,I
California Baptist,https://cbulancers.com/sports/mens-soccer,30135,I
Caltech,https://gocaltech.com/sports/mens-soccer,89,III
Calvin,https://calvinknights.com/sports/mens-soccer,114,III
Campbell,https://gocamels.com/sports/mens-soccer,115,I
Canisius,https://gogriffs.com/sports/mens-soccer,116,I
Capital,https://athletics.capital.edu/sports/mens-soccer,117,III
Carleton,https://athletics.carleton.edu/sports/mens-soccer,118,III
Carlow,https://athletics.carlow.edu/sports/msoc/index,594992,III
Carnegie Mellon,https://athletics.cmu.edu/sports/msoc/index,588467,III
Carroll (WI),https://gopios.com/sports/mens-soccer,588468,III
Carson-Newman,https://www.cneagles.com/sports/m-soccer/index,588073,II
Carthage,https://athletics.carthage.edu/sports/mens-soccer,121,III
Catawba,https://www.catawbaathletics.com/sports/msoc/index,588074,II
Catholic,https://catholicathletics.com/sports/mens-soccer,124,III
CCNY,https://ccnyathletics.com/sports/mens-soccer,480,III
Cedarville,https://yellowjackets.cedarville.edu/sports/mens-soccer,30124,II
Centenary (LA),https://www.gocentenary.com/sports/msoc/index,588473,III
Centenary (NJ),https://centenarycyclones.com/sports/mens-soccer,12884,III
Central (IA),https://athletics.central.edu/sports/mens-soccer,588474,III
Central Arkansas,https://ucasports.com/sports/mens-soccer,587863,I
Central Connecticut State,https://ccsubluedevils.com/sports/msoc/index,587919,I
Central Florida,https://ucfknights.com/sports/mens-soccer,128,I
Centre,https://centrecolonels.com/sports/mens-soccer,132,III
Chaminade,https://goswords.com/sports/mens-soccer,588015,II
Chapman,https://athletics.chapman.edu/sports/mens-soccer,588476,III
Charleston (WV),https://ucgoldeneagles.com/sports/mens-soccer,1013,II
Charlotte,https://charlotte49ers.com/sports/mens-soccer,458,I
Chatham,https://gochathamcougars.com/sports/mens-soccer,10972,III
Chestnut Hill,https://griffinathletics.com/sports/mens-soccer,21323,II
Chicago State,https://www.gocsucougars.com/sports/mens-soccer,136,I
Chico St.,https://chicowildcats.com/sports/mens-soccer,588010,II
Chowan,https://gocuhawks.com/sports/mens-soccer,8875,II
Chris. Newport,https://www.cnusports.com/sports/mens-soccer,139,III
Christian Brothers,https://cbubucs.com/sports/mens-soccer,1015,II
Claremont-M-S,https://www.cmsathletics.org/sports/mens-soccer,142,III
Clark (MA),https://clarkathletics.com/sports/mens-soccer,145,III
Clarkson,https://clarksonathletics.com/sports/mens-soccer,146,III
Clayton St.,https://claytonstatesports.com/sports/msoc/index,588141,II
Clemson,https://clemsontigers.com/sports/mens-soccer/,147,I
Cleveland State,https://csuvikings.com/sports/mens-soccer,148,I
Coast Guard,https://coastguardathletics.com/sports/mens-soccer,722,III
Coastal Carolina,https://goccusports.com/sports/mens-soccer,587923,I
Coe,https://kohawkathletics.com/sports/mens-soccer,150,III
Coker,https://www.cokercobras.com/sports/msoc/index,588077,II
Colby,https://colbyathletics.com/sports/mens-soccer,151,III
Colby-Sawyer,https://www.colby-sawyerathletics.com/sports/mens-soccer,588484,III
Colgate,https://colgateathletics.com/sports/mens-soccer,153,I
College of Charleston,https://cofcsports.com/sports/mens-soccer,1014,I
Colo. Christian,https://ccucougars.com/sports/mens-soccer,11403,II
Colo. Sch. of Mines,https://minesathletics.com/sports/mens-soccer,588016,II
Colorado Col.,https://cctigers.com/sports/mens-soccer,154,III
Colorado Mesa,https://cmumavericks.com/sports/mens-soccer,588132,II
Colorado St.-Pueblo,https://gothunderwolves.com/sports/mens-soccer,2720,II
Columbia,https://gocolumbialions.com/sports/mens-soccer,158,I
Concord,https://cumountainlions.com/sports/mens-soccer,1028,II
Concordia (CA),https://cuieagles.com/sports/mens-soccer,30199,II
Concordia (TX),https://athletics.concordia.edu/sports/mens-soccer,24400,III
Concordia Chicago,https://www.cucougars.com/sports/mens-soccer,160,III
Concordia Wisconsin,https://www.cuwfalcons.com/sports/msoc/index,588367,III
Concordia-Moorhead,https://gocobbers.com/sports/msoc/index,588487,III
Connecticut Col.,https://camelathletics.com/sports/mens-soccer,163,III
Converse,https://govalkyries.com/sports/mens-soccer,588127,II
Cornell,https://cornellbigred.com/sports/mens-soccer,167,I
Cornell College,https://cornellrams.com/sports/mens-soccer,166,III
Cortland,https://www.cortlandreddragons.com/sports/mens-soccer,588490,III
Covenant,https://athletics.covenant.edu/sports/mens-soccer,30111,III
Creighton,https://gocreighton.com/sports/mens-soccer,169,I
Crown (MN),https://athletics.crown.edu/sports/mens-soccer,30035,III
CSUN,https://gomatadors.com/sports/mens-soccer,101,I
CWRU,https://athletics.case.edu/sports/mens-soccer,122,III
D'Youville,https://dyusaints.com/sports/mens-soccer,1059,II
Daemen,https://daemenwildcats.com/sports/mens-soccer,30174,II
Dallas,https://www.udallasathletics.com/sports/msoc/index,588285,III
Dallas Baptist,https://dbupatriots.com/sports/mens-soccer,588079,II
Dartmouth,https://dartmouthsports.com/sports/mens-soccer,172,I
Davenport,https://dupanthers.com/sports/mens-soccer,588195,II
Davidson,https://davidsonwildcats.com/sports/mens-soccer,173,I
Davis & Elkins,https://senatornation.com/sports/mens-soccer,174,II
Dayton,https://daytonflyers.com/sports/mens-soccer,175,I
Dean,https://deanbulldogs.com/sports/mens-soccer,30219,III
Delaware,https://bluehens.com/sports/mens-soccer,180,I
Delaware Valley,https://athletics.delval.edu/sports/mens-soccer,179,III
Delta St.,https://gostatesmen.com/sports/mens-soccer,181,II
Denison,https://denisonbigred.com/sports/mens-soccer,182,III
Denver,https://denverpioneers.com/sports/mens-soccer,183,I
DePaul,https://depaulbluedemons.com/sports/mens-soccer,176,I
DePauw,https://depauwtigers.com/sports/mens-soccer/,177,III
DeSales,https://athletics.desales.edu/sports/mens-soccer,20,III
Detroit Mercy,https://detroittitans.com/sports/mens-soccer,184,I
Dickinson,https://dickinsonathletics.com/sports/mens-soccer,185,III
Dist. Columbia,https://www.udcfirebirds.com/sports/msoc/index,588019,II
Dominican (CA),https://dominicanathletics.com/sports/mens-soccer,588157,II
Dominican (IL),https://dustars.com/sports/mens-soccer,588314,III
Dominican (NY),https://www.chargerathletics.com/sports/msoc/index,588117,II
Drake,https://godrakebulldogs.com/sports/mens-soccer/,189,I
Drew,https://drewrangers.com/sports/mens-soccer,190,III
Drexel,https://drexeldragons.com/sports/mens-soccer,191,I
Drury,https://drurypanthers.com/sports/mens-soccer,588080,II
Dubuque,https://udspartans.com/sports/mens-soccer,192,III
Duke,https://goduke.com/sports/mens-soccer,193,I
Duquesne,https://goduquesne.com/sports/mens-soccer,194,I
Earlham,https://goearlham.com/sports/mens-soccer,195,III
East Stroudsburg,https://esuwarriors.com/sports/mens-soccer,197,II
East Tennessee State,https://etsubucs.com/sports/mens-soccer,198,I
East Tex. Baptist,https://goetbutigers.com/sports/mens-soccer,1062,III
East. Mennonite,https://emuroyals.com/sports/mens-soccer,203,III
Eastern,https://goeasterneagles.com/sports/mens-soccer,588374,III
Eastern Conn. St.,https://gowarriorathletics.com/sports/mens-soccer,200,III
Eastern Illinois,https://eiupanthers.com/sports/mens-soccer,201,I
Eastern N.M.,https://goeasternathletics.com/sports/mens-soccer,206,II
Eckerd,https://eckerdtritons.com/sports/mens-soccer,208,II
Edgewood,https://edgewoodcollegeeagles.com/sports/mens-soccer,1066,III
Elizabethtown,https://etownbluejays.com/sports/mens-soccer,211,III
Elmhurst,https://elmhurstbluejays.com/sports/mens-soccer,212,III
Elmira,https://athletics.elmira.edu/sports/mens-soccer,213,III
Elms,https://www.ecblazers.com/sports/msoc/index,588210,III
Elon,https://elonphoenix.com/sports/mens-soccer,1068,I
Embry-Riddle (FL),https://erauathletics.com/sports/mens-soccer,9680,II
Emerson,https://emersonlions.com/sports/mens-soccer,214,III
Emmanuel (GA),https://goeulions.com/sports/mens-soccer,588182,II
Emmanuel (MA),https://www.goecsaints.com/sports/mens-soccer,215,III
Emory,https://emoryathletics.com/sports/mens-soccer,217,III
Emory & Henry,https://www.gowasps.com/sports/msoc/index,588024,II
Endicott,https://www.ecgulls.com/sports/msoc/index,588375,III
Erskine,https://erskinesports.com/sports/mens-soccer,1072,II
Eureka,https://www.eurekareddevils.com/sports/msoc/index,588507,III
Evansville,https://gopurpleaces.com/sports/mens-soccer,219,I
Fairfield,https://fairfieldstags.com/sports/mens-soccer,220,I
Fairleigh Dickinson,https://fduknights.com/sports/mens-soccer,222,I
Farmingdale St.,https://farmingdalesports.com/sports/mens-soccer,27892,III
FDU-Florham,https://fdudevils.com/sports/mens-soccer,221,III
Felician,https://felicianuathletics.com/sports/mens-soccer,23157,II
Ferrum,https://ferrumpanthers.com/sports/mens-soccer,225,III
Findlay,https://findlayoilers.com/sports/mens-soccer,1079,II
Fitchburg State,https://www.fitchburgfalcons.com/sports/msoc/index,588510,III
FIU,https://fiusports.com/sports/mens-soccer,231,I
Fla. Southern,https://fscmocs.com/sports/mens-soccer,233,II
Flagler,https://flaglerathletics.com/sports/mens-soccer,30092,II
Florida Atlantic,https://fausports.com/sports/mens-soccer,587945,I
Florida Gulf Coast,https://fgcuathletics.com/sports/mens-soccer,28755,I
Florida Tech,https://floridatechsports.com/sports/mens-soccer,230,II
Fontbonne,https://www.fontbonnegriffins.com/sports/msoc/index,588379,III
Fordham,https://fordhamsports.com/sports/mens-soccer,236,I
Fort Hays St.,https://fhsuathletics.com/sports/mens-soccer,9011,II
Fort Lewis,https://goskyhawks.com/sports/mens-soccer,1083,II
Framingham State,https://www.fsurams.com/sports/msoc/index,588511,III
Francis Marion,https://fmupatriots.com/sports/mens-soccer/,1085,II
Franciscan,https://franciscanathletics.com/sports/mens-soccer,30069,III
Franklin,https://franklingrizzlies.com/sports/mens-soccer,2694,III
Franklin & Marshall,https://godiplomats.com/sports/mens-soccer,239,III
Franklin Pierce,https://www.fpuravens.com/sports/msoc/index,588026,II
Fredonia,https://fredoniabluedevils.com/sports/mens-soccer,242,III
Fresno Pacific,https://www.fpuathletics.com/sports/mens-soccer,30147,II
Frostburg St.,https://frostburgsports.com/sports/mens-soccer,243,II
Furman,https://furmanpaladins.com/sports/mens-soccer,244,I
Ga. Southwestern,https://www.gswcanes.com/sports/msoc/index,588085,II
Gallaudet,https://gallaudetbison.com/sports/mens-soccer,588514,III
Gannon,https://gannonsports.com/sports/mens-soccer,246,II
Gardner-Webb,https://gwusports.com/sports/mens-soccer,1092,I
Geneva,https://athletics.geneva.edu/sports/mens-soccer,30084,III
George Fox,https://athletics.georgefox.edu/sports/mens-soccer,1094,III
George Mason,https://gomason.com/sports/mens-soccer,248,I
George Washington,https://gwsports.com/sports/mens-soccer,249,I
Georgetown,https://guhoyas.com/sports/mens-soccer,251,I
Georgia Southern,https://gseagles.com/sports/mens-soccer,253,I
Georgia State,https://georgiastatesports.com/sports/mens-soccer,254,I
Georgian Court,https://gculions.com/sports/mens-soccer,9004,II
Gettysburg,https://gettysburgsports.com/sports/mens-soccer,258,III
Goldey-Beacom,https://www.gbcathletics.com/sports/mens-soccer,588115,II
Gonzaga,https://gozags.com/sports/mens-soccer,260,I
Gordon,https://athletics.gordon.edu/sports/mens-soccer,588291,III
Goucher,https://athletics.goucher.edu/sports/msoc/index,588323,III
Grand Canyon,https://gculopes.com/sports/mens-soccer,1104,I
Green Bay,https://greenbayphoenix.com/sports/mens-soccer,794,I
Greensboro,https://greensborocollegesports.com/sports/mens-soccer,588518,III
Greenville,https://athletics.greenville.edu/sports/msoc/index,588292,III
Grinnell,https://pioneers.grinnell.edu/sports/mens-soccer,588519,III
Grove City,https://athletics.gcc.edu/sports/mens-soccer,265,III
Guilford,https://guilfordquakers.com/sports/mens-soccer,1112,III
Gustavus Adolphus,https://gogusties.com/sports/mens-soccer,266,III
Gwynedd Mercy,https://gwyneddathletics.com/sports/mens-soccer,588381,III
Hamilton,https://athletics.hamilton.edu/sports/mens-soccer,267,III
Hamline,https://hamlineathletics.com/sports/mens-soccer,268,III
Hampden-Sydney,https://hscathletics.com/sports/mens-soccer,588524,III
Hanover,https://athletics.hanover.edu/sports/msoc/index,1115,III
Hardin-Simmons,https://hsuathletics.com/sports/mens-soccer,271,III
Harding,https://hardingsports.com/sports/mens-soccer,1116,II
Hartford,https://hartfordhawks.com/sports/mens-soccer,272,III
Hartwick,https://www.hartwickhawks.com/sports/mens-soccer,588284,III
Harvard,https://gocrimson.com/sports/mens-soccer,275,I
Haverford,https://www.haverfordathletics.com/sports/msoc/index,588526,III
Hawaii Hilo,https://hiloathletics.com/sports/mens-soccer,588111,II
Hawaii Pacific,https://hpusharks.com/sports/mens-soccer,588110,II
Heidelberg,https://www.bergathletics.com/sports/mens-soccer,278,III
Hendrix,https://hendrixwarriors.com/sports/mens-soccer,1124,III
High Point,https://highpointpanthers.com/sports/mens-soccer,19651,I
Hilbert,https://hilberthawks.com/sports/mens-soccer,8398,III
Hiram,https://hiramterriers.com/sports/mens-soccer,281,III
Hobart,https://hwsathletics.com/sports/mens-soccer,588530,III
Hofstra,https://gohofstra.com/sports/mens-soccer,283,I
Holy Cross,https://goholycross.com/sports/mens-soccer,285,I
Holy Family,https://athletics.holyfamily.edu/sports/mens-soccer,1126,II
Hood,https://hoodathletics.com/sports/mens-soccer,8404,III
Hope,https://athletics.hope.edu/sports/msoc/index,286,III
Houghton,https://athletics.houghton.edu/sports/mens-soccer,30160,III
Houston Christian,https://hcuhuskies.com/sports/mens-soccer,287,I
Howard,https://hubison.com/sports/mens-soccer,290,I
Howard Payne,https://hpusports.com/sports/mens-soccer,2741,III
Hunter,https://www.huntercollegeathletics.com/sports/mens-soccer,292,III
Huntingdon,https://www.huntingdonhawks.com/sports/msoc/index,588296,III
Husson,https://hussoneagles.com/sports/mens-soccer,1133,III
Ill. Springfield,https://uisprairiestars.com/sports/mens-soccer,30050,II
Ill. Wesleyan,https://www.iwusports.com/sports/mens-soccer,300,III
Illinois Col.,https://illinoiscollegeathletics.com/sports/mens-soccer,297,III
Illinois Institute of Technology,https://illinoistechathletics.com/sports/mens-soccer,588425,III
Illinois-Chicago,https://uicflames.com/sports/mens-soccer,302,I
Immaculata,https://gomightymacs.com/sports/mens-soccer,588545,III
Incarnate Word,https://uiwcardinals.com/sports/mens-soccer,2743,I
Indiana,https://iuhoosiers.com/sports/mens-soccer,306,I
Iona,https://ionagaels.com/sports/mens-soccer,310,I
Ithaca,https://athletics.ithaca.edu/sports/mens-soccer,313,III
IU Indy,https://iupuijags.com/sports/mens-soccer,2699,I
Jacksonville,https://judolphins.com/sports/mens-soccer,316,I
James Madison,https://jmusports.com/sports/mens-soccer,317,I
Jefferson,https://jeffersonrams.com/sports/mens-soccer,543,II
Jessup,https://jessupathletics.com/sports/mens-soccer,596126,II
John Carroll,https://jcusports.com/sports/mens-soccer,320,III
John Jay,https://johnjayathletics.com/sports/mens-soccer,321,III
Johns Hopkins,https://hopkinssports.com/sports/mens-soccer,322,III
Juniata,https://www.juniatasports.net/sports/msoc/index,588552,III
JWU (Providence),https://providence.jwuathletics.com/sports/mens-soccer,22626,III
Kalamazoo,https://hornets.kzoo.edu/sports/msoc/index,326,III
Kansas City,https://kcroos.com/sports/mens-soccer,2707,I
Kean,https://keanathletics.com/sports/mens-soccer,588554,III
Keene St.,https://keeneowls.com/sports/mens-soccer,330,III
Kentucky,https://ukathletics.com/sports/msoc/index,334,I
Kenyon,https://athletics.kenyon.edu/sports/mens-soccer,335,III
Keuka,https://keukaathletics.com/sports/mens-soccer,1159,III
Keystone,https://www.gokcgiants.com/sports/mens-soccer,30047,III
King (TN),https://kingtornado.com/sports/msoc/index,588150,II
King's (PA),https://kingscollegeathletics.com/sports/mens-soccer,336,III
Knox,https://prairiefire.knox.edu/sports/mens-soccer,337,III
Ky. Wesleyan,https://kwcpanthers.com/sports/mens-soccer,333,II
La Roche,https://www.larochesports.com/sports/msoc/index,588300,III
La Verne,https://leopardathletics.com/sports/mens-soccer,341,III
Lafayette,https://goleopards.com/sports/mens-soccer,342,I
LaGrange,https://www.lagrangepanthers.com/sports/msoc/index,1162,III
Lake Erie,https://lakeeriestorm.com/sports/mens-soccer,2746,II
Lake Forest,https://goforesters.com/sports/mens-soccer,344,III
Lakeland,https://lakelandmuskies.com/sports/mens-soccer,588301,III
Lancaster Bible,https://lbcchargers.com/sports/mens-soccer,30085,III
Lander,https://landerbearcats.com/sports/msoc/index,1167,II
LaSalle,https://goexplorers.com/sports/mens-soccer,340,I
Lasell,https://laserpride.lasell.edu/sports/msoc/index,588334,III
Lawrence,https://vikings.lawrence.edu/sports/mens-soccer,348,III
Le Moyne,https://lemoynedolphins.com/sports/mens-soccer,349,I
Lebanon Valley,https://godutchmen.com/sports/mens-soccer,351,III
Lee,https://leeuflames.com/sports/mens-soccer,30013,II
Lees-McRae,https://lmcbobcats.com/sports/mens-soccer,13302,II
Lehigh,https://lehighsports.com/sports/mens-soccer,352,I
Lehman,https://lehmanathletics.com/sports/mens-soccer,588528,III
Lenoir-Rhyne,https://lrbears.com/sports/mens-soccer,1170,II
Lesley,https://lesleyathletics.com/sports/msoc/index,588395,III
LeTourneau,https://letuathletics.com/sports/mens-soccer,8490,III
Lewis,https://lewisflyers.com/sports/mens-soccer,354,II
Lewis & Clark,https://lcpioneers.com/sports/mens-soccer,588613,III
Liberty,https://libertyflames.com/sports/mens-soccer,355,I
Limestone,https://golimestonesaints.com/sports/mens-soccer,1174,II
Lincoln (MO),https://lubluetigers.com/sports/mens-soccer,588201,II
Lincoln Memorial,https://lmurailsplitters.com/sports/mens-soccer,588091,II
Lindenwood (MO),https://lindenwoodlions.com/sports/mens-soccer,30136,I
Linfield,https://golinfieldwildcats.com/sports/mens-soccer,1179,III
Lipscomb,https://lipscombsports.com/sports/mens-soccer,28600,I
Lock Haven,https://www.golhu.com/sports/mens-soccer,360,II
Long Island,https://www.liuathletics.com/sports/mens-soccer,361,I
Longwood,https://longwoodlancers.com/sports/mens-soccer,363,I
Loras,https://duhawks.com/sports/mens-soccer,364,III
Louisville,https://gocards.com/sports/mens-soccer,367,I
Loyola Maryland,https://loyolagreyhounds.com/sports/mens-soccer,587975,I
Loyola Marymount,https://lmulions.com/sports/mens-soccer,370,I
Loyola-Chicago,https://loyolaramblers.com/sports/mens-soccer,371,I
Lubbock Christian,https://lcuchaps.com/sports/mens-soccer,30177,II
Luther,https://luthernorse.com/sports/mens-soccer,372,III
Lycoming,https://lycomingathletics.com/sports/mens-soccer,373,III
Lynchburg,https://lynchburgsports.com/sports/mens-soccer,374,III
Lynn,https://lynnfightingknights.com/sports/mens-soccer,588142,II
Lyon,https://lyonscots.com/sports/mens-soccer,588612,III
Macalester,https://athletics.macalester.edu/sports/mens-soccer,376,III
Maine Maritime,https://marinersports.org/sports/mens-soccer,588568,III
Malone,https://malonepioneers.com/sports/mens-soccer,588164,II
Manchester,https://muspartans.com/sports/mens-soccer,588303,III
Manhattan,https://gojaspers.com/sports/mens-soccer,381,I
Manhattanville,https://govaliants.com/sports/mens-soccer,382,III
Maranatha Baptist,https://mbusabercats.com/sports/mens-soccer,588304,III
Marian (WI),https://muknights.com/sports/mens-soccer,1196,III
Marietta,https://pioneers.marietta.edu/sports/mens-soccer,385,III
Marist,https://goredfoxes.com/sports/mens-soccer,386,I
Marquette,https://gomarquette.com/sports/mens-soccer,387,I
Mars Hill,https://www.marshilllions.com/sports/msoc/index,588092,II
Marshall,https://herdzone.com/sports/mens-soccer,388,I
Martin Luther,https://mlcknights.com/sports/mens-soccer,588371,III
Mary Baldwin,https://marybaldwinathletics.com/sports/mens-soccer,389,III
Mary Hardin-Baylor,https://cruathletics.com/sports/mens-soccer,1203,III
Mary Washington,https://umweagles.com/sports/mens-soccer,390,III
Maryland,https://umterps.com/sports/mens-soccer,392,I
Marymount (VA),https://marymountsaints.com/sports/mens-soccer,394,III
Maryville (MO),https://maryvillesaints.com/sports/mens-soccer,395,II
Maryville (TN),https://mcscots.com/sports/mens-soccer,588574,III
Marywood,https://marywoodpacers.com/sports/mens-soccer,397,III
Mass. Maritime,https://www.mmabucs.com/sports/msoc/index,588577,III
Massachusetts,https://umassathletics.com/sports/mens-soccer,400,I
McDaniel,https://mcdanielathletics.com/sports/mens-soccer,773,III
McKendree,https://mckbearcats.com/sports/mens-soccer,30138,II
MCLA,https://athletics.mcla.edu/sports/msoc/index,588600,III
McMurry,https://mcmurrysports.com/sports/mens-soccer,8530,III
Me.-Farmington,https://goumfbeavers.com/sports/mens-soccer,379,III
Me.-Presque Isle,https://owls.umpi.edu/sports/mens-soccer,588404,III
Medgar Evers,https://mecathletics.com/sports/mens-soccer,588579,III
Memphis,https://gotigersgo.com/sports/mens-soccer,404,I
Menlo,https://menloathletics.com/sports/mens-soccer,593753,II
Mercer,https://mercerbears.com/sports/mens-soccer,406,I
Merchant Marine,https://usmmasports.com/sports/msoc/index,588267,III
Mercy,https://mercyathletics.com/sports/mens-soccer,407,II
Mercyhurst,https://hurstathletics.com/sports/mens-soccer,408,I
Merrimack,https://merrimackathletics.com/sports/mens-soccer,587893,I
Messiah,https://gomessiah.com/sports/mens-soccer,411,III
Methodist,https://mumonarchs.com/sports/mens-soccer,588581,III
Michigan,https://mgoblue.com/sports/mens-soccer,418,I
Michigan State,https://msuspartans.com/sports/mens-soccer,416,I
Middlebury,https://athletics.middlebury.edu/sports/msoc/index,420,III
Midwestern St.,https://msumustangs.com/sports/mens-soccer,588093,II
Millersville,https://millersvilleathletics.com/sports/mens-soccer,423,II
Millikin,https://athletics.millikin.edu/sports/mens-soccer,424,III
Millsaps,https://gomajors.com/sports/mens-soccer,426,III
Milwaukee,https://mkepanthers.com/sports/mens-soccer,797,I
Minn.-Morris,https://morriscougars.com/sports/mens-soccer,588307,III
Misericordia,https://athletics.misericordia.edu/sports/mens-soccer,16142,III
Mississippi College,https://www.gochoctaws.com/sports/mens-soccer,429,II
Missouri S&T,https://minerathletics.com/sports/mens-soccer,435,II
Missouri St.,https://missouristatebears.com/sports/mens-soccer,669,I
Missouri-St. Louis,https://umsltritons.com/sports/mens-soccer,436,II
MIT,https://mitathletics.com/sports/mens-soccer,398,III
Mitchell,https://www.mitchellathletics.com/sports/msoc/index,588405,III
Molloy,https://molloylions.com/sports/mens-soccer,588042,II
Monmouth,https://monmouthhawks.com/sports/mens-soccer,439,I
Monmouth (IL),https://monmouthscots.com/sports/mens-soccer,438,III
Mont. St. Billings,https://msubsports.com/sports/mens-soccer,205,II
Montclair St.,https://montclairathletics.com/sports/mens-soccer,442,III
Montevallo,https://montevallofalcons.com/sports/mens-soccer,1238,II
Moravian,https://www.moraviansports.com/sports/msoc/index,588587,III
Mount Aloysius,https://mountieathletics.com/sports/mens-soccer,30036,III
Mount Olive,https://umotrojans.com/sports/mens-soccer,1245,II
Mount St. Joseph,https://msjlions.com/sports/mens-soccer,8567,III
Mount St. Mary's,https://mountathletics.com/sports/mens-soccer,450,I
MSOE,https://msoeraiders.com/sports/mens-soccer,20220,III
MSOE,https://msoeraiders.com/sports/mens-soccer,588388,III
MSU Denver,https://roadrunnersathletics.com/sports/mens-soccer,413,II
Mt. St. Mary (NY),https://msmcknights.com/sports/mens-soccer,588324,III
Muhlenberg,https://muhlenbergsports.com/sports/mens-soccer,453,III
Muskingum,https://www.fightingmuskies.com/sports/msoc/index,588591,III
MUW,https://owlsathletics.com/sports/mens-soccer,588535,III
N.C. Wesleyan,https://ncwsports.com/sports/mens-soccer,491,III
Navy,https://navysports.com/sports/mens-soccer,726,I
Nazareth,https://nazathletics.com/sports/mens-soccer,461,III
NC State,https://gopack.com/sports/mens-soccer,490,I
Neb. Wesleyan,https://nwusports.com/sports/mens-soccer,462,III
Neumann,https://www.neumannathletics.com/sports/mens-soccer,1254,III
New England Col.,https://athletics.nec.edu/sports/mens-soccer,467,III
New Hampshire,https://unhwildcats.com/sports/mens-soccer,469,I
New Haven,https://newhavenchargers.com/sports/mens-soccer,470,II
New Jersey City,https://njcugothicknights.com/sports/mens-soccer,588547,III
New Jersey Institute of Technology,https://www.njithighlanders.com/sports/mens-soccer,471,I
Newberry,https://newberrywolves.com/sports/mens-soccer,1257,II
Newman,https://newmanjets.com/sports/mens-soccer,30054,II
Niagara,https://purpleeagles.com/sports/mens-soccer,482,I
Nichols,https://nicholsathletics.com/sports/mens-soccer,484,III
North Carolina,https://goheels.com/sports/mens-soccer,457,I
North Central (IL),https://northcentralcardinals.com/sports/mens-soccer,588400,III
North Central (MN),https://ncurams.com/sports/mens-soccer,30039,III
North Florida,https://unfospreys.com/sports/mens-soccer,2711,I
North Georgia,https://ungathletics.com/sports/mens-soccer,30052,II
North Greenville,https://nguathletics.com/sports/msoc/index,588120,II
North Park,https://athletics.northpark.edu/sports/mens-soccer,496,III
Northeastern,https://nuhuskies.com/sports/mens-soccer,500,I
Northeastern St.,https://goriverhawksgo.com/sports/mens-soccer,12810,II
Northern Illinois,https://niuhuskies.com/sports/mens-soccer,503,I
Northern Kentucky,https://nkunorse.com/sports/mens-soccer,505,I
Northern Michigan,https://nmuwildcats.com/sports/mens-soccer,506,II
Northland,https://northlandcollegesports.com/sports/mens-soccer,1267,III
Northwest Nazarene,https://nnusports.com/sports/mens-soccer,1274,II
Northwestern,https://nusports.com/sports/mens-soccer,509,I
Northwestern-St. Paul,https://unweagles.com/sports/mens-soccer,30031,III
Northwood,https://www.gonorthwood.com/sports/msoc/index,588047,II
Norwich,https://norwichathletics.com/sports/mens-soccer,511,III
Notre Dame,https://fightingirish.com/sports/msoc/,587794,I
Notre Dame (MD),https://notredamegators.com/sports/mens-soccer,588611,III
Nova Southeastern,https://nsusharks.com/sports/mens-soccer,588145,II
NYU,https://gonyuathletics.com/sports/mens-soccer,479,III
Oakland,https://goldengrizzlies.com/sports/mens-soccer,514,I
Oberlin,https://goyeo.com/sports/mens-soccer,515,III
Occidental,https://oxyathletics.com/sports/mens-soccer,516,III
Oglethorpe,https://gopetrels.com/sports/mens-soccer,2713,III
Ohio Dominican,https://ohiodominicanpanthers.com/sports/mens-soccer,30119,II
Ohio Northern,https://www.onusports.com/sports/msoc/index,588203,III
Ohio State,https://ohiostatebuckeyes.com/sports/mens-soccer,518,I
Ohio Wesleyan,https://battlingbishops.com/sports/mens-soccer,588204,III
Oklahoma Christian,https://oceagles.com/sports/mens-soccer,588178,II
Old Dominion,https://odusports.com/sports/mens-soccer,523,I
Old Westbury,https://www.oldwestburypanthers.com/sports/mens-soccer,588205,III
Olivet,https://www.olivetcomets.com/sports/msoc/index,588206,III
Omaha,https://omavs.com/sports/mens-soccer,464,I
Oral Roberts,https://oruathletics.com/sports/mens-soccer,527,I
Oregon State,https://osubeavers.com/sports/mens-soccer,528,I
Oswego St.,https://oswegolakers.com/sports/mens-soccer,530,III
Otterbein,https://otterbeincardinals.com/sports/mens-soccer,531,III
Ouachita Baptist,https://obutigers.com/sports/mens-soccer,1289,II
Ozarks (AR),https://uofoathletics.com/sports/mens-soccer,588392,III
Pacific,https://pacifictigers.com/sports/mens-soccer,587801,I
Pacific (OR),https://goboxers.com/sports/mens-soccer,2751,III
Pacific Lutheran,https://golutes.com/sports/mens-soccer,588311,III
Palm Beach Atl.,https://pbasailfish.com/sports/mens-soccer,30045,II
Penn College,https://pctwildcats.com/sports/mens-soccer,588427,III
Penn St. Brandywine,https://www.psubrandywineathletics.com/sports/msoc/index,593225,III
Penn St. Harrisburg,https://athletics.hbg.psu.edu/sports/msoc/index,588413,III
Penn St.-Abington,https://abingtonsports.com/sports/mens-soccer,30114,III
Penn St.-Altoona,https://www.psaltoonalions.com/sports/msoc/index,588397,III
Penn St.-Behrend,https://www.psblions.com/sports/msoc/index,588211,III
Penn St.-Berks,https://psuberksathletics.com/sports/mens-soccer,588406,III
Penn State,https://gopsusports.com/sports/mens-soccer,539,I
Pennsylvania,https://pennathletics.com/sports/mens-soccer,540,I
Pfeiffer,https://gofalconsports.com/sports/mens-soccer,542,III
Piedmont,https://piedmontlions.com/sports/mens-soccer,21830,III
Pitt.-Bradford,https://athletics.pittbradford.org/sports/msoc/index,588313,III
Pitt.-Greensburg,https://pittgreensburgathletics.com/sports/mens-soccer,11839,III
Pitt.-Johnstown,https://pittjohnstownathletics.com/sports/mens-soccer,546,II
Pittsburgh,https://pittsburghpanthers.com/sports/mens-soccer,545,I
Plattsburgh St.,https://gocardinalsports.com/sports/mens-soccer,588213,III
Plymouth St.,https://athletics.plymouth.edu/sports/mens-soccer,588214,III
Point Loma,https://plnusealions.com/sports/mens-soccer,30149,II
Point Park,https://pointparksports.com/sports/msoc/index,597491,II
Pomona-Pitzer,https://sagehens.com/sports/msoc/index,549,III
Portland,https://portlandpilots.com/sports/mens-soccer,551,I
Post,https://posteagles.com/sports/mens-soccer,1318,II
Pratt,https://goprattgo.com/sports/mens-soccer,588536,III
Presbyterian College,https://gobluehose.com/sports/mens-soccer,1320,I
Princeton,https://goprincetontigers.com/sports/mens-soccer,554,I
Principia,https://principiaathletics.com/sports/mens-soccer,588217,III
Providence,https://friars.com/sports/mens-soccer,556,I
Puget Sound,https://loggerathletics.com/sports/mens-soccer,557,III
Purchase,https://www.purchasecollegeathletics.com/sports/mens-soccer,588603,III
Purdue Northwest,https://pnwathletics.com/sports/mens-soccer,30222,II
Purdue-Fort Wayne,https://gomastodons.com/sports/mens-soccer,308,I
Queens (NC),https://queensathletics.com/sports/mens-soccer,11504,I
Queens (NY),https://queensknights.com/sports/mens-soccer,588050,II
Quincy,https://quhawks.com/sports/mens-soccer,561,II
Quinnipiac,https://gobobcats.com/sports/mens-soccer,562,I
Radford,https://radfordathletics.com/sports/mens-soccer,563,I
Ramapo,https://ramapoathletics.com/sports/mens-soccer,564,III
Randolph,https://randolphwildcats.com/sports/mens-soccer,566,III
Randolph-Macon,https://rmcathletics.com/sports/mens-soccer,565,III
Redlands,https://goredlands.com/sports/mens-soccer,567,III
Regis (CO),https://regisrangers.com/sports/mens-soccer,568,II
Regis (MA),https://www.goregispride.com/sports/msoc/index,588223,III
Rensselaer,https://rpiathletics.com/sports/mens-soccer,588224,III
Rhode Island,https://gorhody.com/sports/mens-soccer,572,I
Rhode Island College,https://goanchormen.com/sports/mens-soccer,571,III
Rhodes,https://rhodeslynx.com/sports/mens-soccer,573,III
Rider,https://gobroncs.com/sports/mens-soccer,576,I
Ripon,https://riponredhawks.com/sports/mens-soccer,577,III
RIT,https://ritathletics.com/sports/mens-soccer,588229,III
Rivier,https://www.rivierathletics.com/sports/msoc/index,588387,III
Roanoke,https://roanokemaroons.com/sports/mens-soccer,588228,III
Robert Morris,https://rmucolonials.com/sports/mens-soccer,579,I
Roberts Wesleyan,https://robertsredhawks.com/sports/mens-soccer,588171,II
Rochester (NY),https://uofrathletics.com/sports/mens-soccer,581,III
Rockford,https://rockfordregents.com/sports/mens-soccer,582,III
Rockhurst,https://rockhursthawks.com/sports/mens-soccer,1328,II
Roger Williams,https://rwuhawks.com/sports/mens-soccer,583,III
Rogers St.,https://rsuhillcats.com/sports/mens-soccer,30180,II
Rollins,https://rollinssports.com/sports/mens-soccer,584,II
Roosevelt,https://rooseveltlakers.com/sports/mens-soccer,594971,II
Rose-Hulman,https://athletics.rose-hulman.edu/sports/mens-soccer,585,III
Rosemont,https://rosemont-ravens.com/sports/mens-soccer,15882,III
Rowan,https://www.rowanathletics.com/sports/mens-soccer,259,III
Russell Sage,https://www.sagegators.com/sports/msoc/index,588378,III
Rutgers,https://scarletknights.com/sports/mens-soccer,587,I
Rutgers-Camden,https://scarletraptors.com/sports/mens-soccer,588234,III
Rutgers-Newark,https://rutgersnewarkathletics.com/sports/mens-soccer,589,III
S.C. Aiken,https://pacersports.com/sports/mens-soccer,11276,II
Sacramento State,https://hornetsports.com/sports/mens-soccer,102,I
Sacred Heart,https://sacredheartpioneers.com/sports/mens-soccer,590,I
Saginaw Valley,https://www.svsucardinals.com/sports/msoc/index,588054,II
Saint Francis (PA),https://sfuathletics.com/sports/mens-soccer,600,I
Saint John's (MN),https://gojohnnies.com/sports/mens-soccer,588237,III
Saint Joseph (CT),https://www.usjbluejays.com/sports/msoc/index,588337,III
Saint Joseph's (PA),https://sjuhawks.com/sports/mens-soccer,606,I
Saint Leo,https://saintleolions.com/sports/mens-soccer,608,II
Saint Louis,https://slubillikens.com/sports/mens-soccer,609,I
Saint Martin's,https://smusaints.com/sports/mens-soccer,1343,II
Saint Mary's (CA),https://smcgaels.com/sports/mens-soccer,610,I
Saint Mary's (MN),https://saintmaryssports.com/sports/mens-soccer,612,III
Saint Michael's,https://smcathletics.com/sports/mens-soccer,613,II
Saint Peter's,https://saintpeterspeacocks.com/sports/mens-soccer,617,I
Saint Vincent,https://athletics.stvincent.edu/sports/mens-soccer,30064,III
Salem (WV),https://salemtigers.com/sports/mens-soccer,19117,II
Salisbury,https://suseagulls.com/sports/mens-soccer,622,III
Salve Regina,https://www.salveathletics.com/sports/msoc/index,623,III
San Diego,https://usdtoreros.com/sports/mens-soccer,587924,I
San Fran. St.,https://sfstategators.com/sports/mens-soccer,628,II
San Francisco,https://usfdons.com/sports/mens-soccer,629,I
San Jose State,https://sjsuspartans.com/sports/mens-soccer,630,I
Santa Clara,https://santaclarabroncos.com/sports/mens-soccer,631,I
Sarah Lawrence,https://gogryphons.com/sports/mens-soccer,30163,III
Schreiner,https://schreinermountaineers.com/Sports/msoc/index,588316,III
Scranton,https://athletics.scranton.edu/sports/mens-soccer,633,III
Seattle,https://goseattleu.com/sports/mens-soccer,1356,I
Seattle Pacific,https://spufalcons.com/sports/mens-soccer,634,II
Seton Hall,https://shupirates.com/sports/mens-soccer,635,I
Seton Hill,https://athletics.setonhill.edu/sports/mens-soccer,30063,II
Sewanee,https://sewaneetigers.com/sports/mens-soccer,652,III
Shaw,https://shawbears.com/sports/mens-soccer,588190,II
Shenandoah,https://suhornets.com/sports/mens-soccer,637,III
Shepherd,https://shepherdrams.com/sports/mens-soccer,10870,II
Shippensburg,https://shipraiders.com/sports/mens-soccer,638,II
Shorter,https://goshorterhawks.com/sports/mens-soccer,30151,II
Siena,https://sienasaints.com/sports/mens-soccer,639,I
Simon Fraser,https://athletics.sfu.ca/sports/mens-soccer,30127,II
Simpson,https://www.simpsonathletics.com/sports/msoc/index,588250,III
SIUE,https://siuecougars.com/sports/mens-soccer,660,I
Skidmore,https://skidmoreathletics.com/sports/mens-soccer,642,III
Slippery Rock,https://rockathletics.com/sports/mens-soccer,588061,II
Sonoma St.,https://sonomaseawolves.com/sports/mens-soccer,645,II
South Carolina,https://gamecocksonline.com/sports/msoc/index,648,I
South Dakota Mines,https://gorockers.com/sports/mens-soccer,30139,II
South Florida,https://gousfbulls.com/sports/mens-soccer,651,I
Southern Conn. St.,https://scsuowls.com/sports/mens-soccer,658,II
Southern Ind.,https://gousieagles.com/sports/mens-soccer,661,I
Southern Me.,https://southernmainehuskies.com/sports/mens-soccer,662,III
Southern Methodist,https://smumustangs.com/sports/mens-soccer,663,I
Southern N.H.,https://snhupenmen.com/sports/mens-soccer,468,II
Southern Nazarene,https://snuathletics.com/sports/mens-soccer,30152,II
Southern Va.,https://knightathletics.com/sports/mens-soccer,30164,III
Southern Wesleyan,https://swuathletics.com/sports/mens-soccer,30192,II
Southwest Baptist,https://www.sbubearcats.com/sports/mens-soccer,2755,II
Southwestern (TX),https://southwesternpirates.com/sports/mens-soccer,8746,III
Spalding,https://spaldingathletics.com/sports/mens-soccer,588394,III
Spring Hill,https://shcbadgers.com/sports/mens-soccer,588180,II
Springfield,https://springfieldcollegepride.com/sports/mens-soccer,588255,III
St. Anselm,https://saintanselmhawks.com/sports/mens-soccer,593,II
St. Bonaventure,https://gobonnies.com/sports/mens-soccer,596,I
St. Cloud St.,https://scsuhuskies.com/sports/mens-soccer,598,II
St. Edward's,https://gohilltoppers.com/sports/mens-soccer,1334,II
St. Elizabeth,https://seueagles.com/sports/mens-soccer,9684,III
St. John Fisher,https://athletics.sjfc.edu/sports/mens-soccer,601,III
St. John's,https://redstormsports.com/sports/mens-soccer,603,I
St. Joseph's (L.I.),https://sjliathletics.com/sports/msoc/index,1340,III
St. Joseph's (ME),https://gomonks.com/sports/mens-soccer,588238,III
St. Lawrence,https://saintsathletics.com/sports/mens-soccer,607,III
St. Mary's (MD),https://smcmathletics.com/sports/mens-soccer,611,III
St. Mary's (TX),https://rattlerathletics.com/sports/mens-soccer,1346,II
St. Norbert,https://athletics.snc.edu/sports/mens-soccer,614,III
St. Olaf,https://athletics.stolaf.edu/sports/mens-soccer,588243,III
St. Scholastica,https://csssaints.com/sports/mens-soccer,618,III
St. Thomas (MN),https://tommiesports.com/sports/msoc/index620,587891,I
St. Thomas (TX),https://ustcelts.com/sports/msoc/index,588538,III
St. Thomas Aquinas,https://www.stacathletics.com/sports/msoc/index,588104,II
Stanford,https://gostanford.com/sports/mens-soccer,674,I
Stanislaus State,https://warriorathletics.com/sports/mens-soccer,588013,II
Staten Island,https://csidolphins.com/sports/mens-soccer,675,II
Stetson,https://gohatters.com/sports/mens-soccer,678,I
Stevens,https://stevensducks.com/sports/mens-soccer,679,III
Stevenson,https://gomustangsports.com/sports/mens-soccer,21852,III
Stockton,https://stocktonathletics.com/sports/mens-soccer,588257,III
Stonehill,https://www.stonehillskyhawks.com/sports/msoc/index,682,I
Stony Brook,https://stonybrookathletics.com/sports/mens-soccer,683,I
Suffolk,https://www.gosuffolkrams.com/sports/msoc/index,588258,III
Sul Ross St.,https://srlobos.com/sports/mens-soccer,1390,II
SUNY Brockport,https://gobrockport.com/sports/mens-soccer,588456,III
SUNY Canton,https://rooathletics.com/sports/mens-soccer,30165,III
SUNY Cobleskill,https://fightingtigers.cobleskill.edu/sports/mens-soccer,588414,III
SUNY Delhi,https://delhibroncos.com/sports/msoc/index,588539,III
SUNY Geneseo,https://geneseoknights.com/sports/msoc/index,247,III
SUNY Maritime,https://maritimeathletics.com/sports/mens-soccer,588596,III
SUNY Morrisville,https://morrisvillemustangs.com/sports/mens-soccer,30067,III
SUNY New Paltz,https://nphawks.com/sports/mens-soccer,588595,III
SUNY Oneonta,https://oneontaathletics.com/sports/mens-soccer,526,III
SUNY Poly,https://wildcats.sunypoly.edu/sports/msoc/index,588376,III
SUNY Potsdam,https://potsdambears.com/sports/mens-soccer,552,III
Susquehanna,https://suriverhawks.com/sports/mens-soccer,685,III
Swarthmore,https://swarthmoreathletics.com/sports/mens-soccer,686,III
Syracuse,https://cuse.com/sports/mens-soccer,688,I
Tampa,https://www.tampaspartans.com/sports/msoc/,588064,II
TCNJ,https://tcnjathletics.com/sports/mens-soccer,712,III
Temple,https://owlsports.com/sports/mens-soccer,690,I
Texas A&M International,https://godustdevils.com/sports/mens-soccer,588155,II
Texas Lutheran,https://tlubulldogs.com/sports/msoc/index,588317,III
Texas-Dallas,https://utdcomets.com/sports/mens-soccer,23121,III
Thiel,https://thielathletics.com/sports/mens-soccer,707,III
Thomas (ME),https://athletics.thomas.edu/sports/mens-soccer,588330,III
Thomas More,https://thomasmoresaints.com/sports/mens-soccer,588128,II
Tiffin,https://www.gotiffindragons.com/sports/msoc/index,1403,II
Transylvania,https://transysports.com/sports/msoc/index,588602,III
Trevecca Nazarene,https://tnutrojans.com/sports/mens-soccer,30002,II
Trine,https://www.trinethunder.com/sports/msoc/index,30037,III
Trinity (CT),https://bantamsports.com/sports/mens-soccer,713,III
Trinity (TX),https://trinitytigers.com/sports/mens-soccer,715,III
Truman State,https://trumanbulldogs.com/sports/mens-soccer,499,II
Tufts,https://gotuftsjumbos.com/sports/mens-soccer,717,III
Tulsa,https://tulsahurricane.com/sports/mens-soccer,719,I
Tusculum,https://www.tusculumpioneers.com/sports/msoc/index,588136,II
U New England,https://athletics.une.edu/sports/mens-soccer,588309,III
UAB,https://uabsports.com/sports/mens-soccer,9,I
UC Davis,https://ucdavisaggies.com/sports/mens-soccer,108,I
UC Irvine,https://ucirvinesports.com/sports/mens-soccer,109,I
UC Riverside,https://gohighlanders.com/sports/mens-soccer,111,I
UC San Diego,https://ucsdtritons.com/sports/mens-soccer,112,I
UC Santa Barbara,https://ucsbgauchos.com/sports/mens-soccer,104,I
UC Santa Cruz,https://goslugs.com/sports/mens-soccer,113,III
UC-Colo. Springs,https://gomountainlions.com/sports/mens-soccer,9754,II
UChicago,https://athletics.uchicago.edu/sports/mens-soccer,588477,III
UCLA,https://uclabruins.com/sports/mens-soccer,110,I
UConn,https://uconnhuskies.com/sports/mens-soccer,164,I
UIndy,https://athletics.uindy.edu/sports/mens-soccer,309,II
UMass Boston,https://beaconsathletics.com/sports/mens-soccer,588578,III
UMass Dartmouth,https://corsairathletics.com/sports/mens-soccer,656,III
UMass Lowell,https://goriverhawks.com/sports/mens-soccer,368,I
UMBC,https://umbcretrievers.com/sports/mens-soccer,391,I
UMSV,https://umsvathletics.com/sports/mens-soccer,588588,III
UNC Asheville,https://uncabulldogs.com/sports/mens-soccer,456,I
UNC Greensboro,https://uncgspartans.com/sports/mens-soccer,459,I
UNCW,https://uncwsports.com/sports/mens-soccer,460,I
Union (NY),https://unionathletics.com/sports/mens-soccer,727,III
Union (TN),https://uuathletics.com/sports/mens-soccer,30153,II
UNLV,https://unlvrebels.com/sports/mens-soccer,465,I
Upper Iowa,https://uiupeacocks.com/sports/mens-soccer,728,II
Ursinus,https://ursinusathletics.com/sports/mens-soccer,730,III
USC Upstate,https://upstatespartans.com/sports/mens-soccer,10411,I
UT Tyler,https://uttylerpatriots.com/sports/mens-soccer,588189,II
UT-Rio Grande Valley,https://goutrgv.com/sports/mens-soccer,536,I
Utah Tech,https://utahtechtrailblazers.com/sports/mens-soccer,30095,I
Utah Valley,https://gouvu.com/sports/mens-soccer,30024,I
Utica,https://uticapioneers.com/sports/mens-soccer,588270,III
UW-River Falls,https://uwrfsports.com/sports/mens-soccer,588640,III
Va. Wesleyan,https://vwuathletics.com/sports/mens-soccer,745,III
Valley Forge,https://uvfpatriots.com/sports/mens-soccer,30166,III
Vanguard,https://vanguardlions.com/sports/mens-soccer,596127,II
Vassar,https://www.vassarathletics.com/sports/mens-soccer,737,III
Vermont,https://uvmathletics.com/sports/mens-soccer,738,I
Villanova,https://villanova.com/sports/mens-soccer,739,I
Virginia,https://virginiasports.com/sports/msoc,746,I
Virginia Commonwealth,https://vcuathletics.com/sports/mens-soccer,740,I
Virginia State,https://govsutrojans.com/sports/mens-soccer,588637,II
Virginia Tech,https://hokiesports.com/sports/mens-soccer,742,I
VMI,https://vmikeydets.com/sports/mens-soccer,587847,I
VTSU Castleton,https://castletonsports.com/sports/mens-soccer,588471,III
VTSU Lyndon,https://vtsuhornets.com/sports/mens-soccer,588409,III
VTSU-Johnson,https://www.nvubadgers.com/sports/msoc/index,588551,III
Wabash,https://sports.wabash.edu/sports/mens-soccer,588273,III
Wake Forest,https://godeacs.com/sports/mens-soccer,749,I
Walsh,https://athletics.walsh.edu/sports/mens-soccer,30141,II
Wartburg,https://go-knights.net/sports/mens-soccer,750,III
Washington,https://gohuskies.com/sports/mens-soccer,756,I
Washington & Jefferson,https://gopresidents.com/sports/mens-soccer,588275,III
Washington & Lee,https://generalssports.com/sports/mens-soccer,588276,III
Washington Col.,https://washcollsports.com/sports/mens-soccer,753,III
WashU,https://washubears.com/sports/mens-soccer,755,III
Waynesburg,https://waynesburgsports.com/sports/mens-soccer,1434,III
Webster,https://websterathletics.com/sports/mens-soccer,759,III
Wentworth,https://www.wentworthathletics.com/sports/msoc/index,588281,III
Wesleyan (CT),https://athletics.wesleyan.edu/sports/mens-soccer,764,III
West Alabama,https://uwaathletics.com/sports/mens-soccer,358,II
West Chester,https://wcupagoldenrams.com/sports/mens-soccer,588066,II
West Florida,https://goargos.com/sports/mens-soccer,11740,II
West Liberty,https://hilltoppersports.com/sports/mens-soccer,1438,II
West Texas A&M,https://gobuffsgo.com/sports/mens-soccer,588067,II
West Va. Wesleyan,https://wesleyanbobcats.com/sports/mens-soccer,9630,II
West Virginia,https://wvusports.com/sports/mens-soccer,768,I
Western Connecticut St.,https://westconnathletics.com/sports/mens-soccer,770,III
Western Illinois,https://goleathernecks.com/sports/mens-soccer,771,I
Western Michigan,https://wmubroncos.com/sports/mens-soccer,774,I
Western New Eng.,https://wnegoldenbears.com/sports/mens-soccer,775,III
Western Ore.,https://wouwolves.com/sports/mens-soccer,1446,II
Western Washington,https://wwuvikings.com/sports/mens-soccer,588106,II
Westfield State,https://westfieldstateowls.com/sports/msoc/index,588340,III
Westminster (MO),https://wcbluejays.com/sports/msoc/index,588319,III
Westminster (PA),https://athletics.westminster.edu/sports/mens-soccer,1451,III
Westminster (UT),https://westminstergriffins.com/sports/mens-soccer,30209,II
Westmont,https://athletics.westmont.edu/sports/mens-soccer,588131,II
Wheaton (IL),https://athletics.wheaton.edu/sports/mens-soccer,778,III
Wheaton (MA),https://wheatoncollegelyons.com/sports/mens-soccer,779,III
Wheeling,https://wucardinals.com/sports/mens-soccer,12799,II
Whitman,https://athletics.whitman.edu/sports/mens-soccer,780,III
Whittier,https://wcpoets.com/sports/mens-soccer,588344,III
Whitworth,https://whitworthpirates.com/sports/mens-soccer,1454,III
Widener,https://widenerpride.com/sports/mens-soccer,783,III
Wilkes,https://gowilkesu.com/sports/mens-soccer,784,III
Willamette,https://www.wubearcats.com/sports/msoc/index,588347,III
William & Mary,https://tribeathletics.com/sports/mens-soccer,786,I
William Jewell,https://jewellcardinals.com/sports/mens-soccer,30120,II
William Peace,https://gopeacepacers.com/sports/mens-soccer,17094,III
Williams,https://ephsports.williams.edu/sports/mens-soccer,588349,III
Wilmington (DE),https://wildcats.athletics.wilmu.edu/sports/msoc/index,588107,II
Wilmington (OH),http://www.wilmingtonquakers.com/sports/msoc/index,1461,III
Wilson,https://wilsonphoenix.com/sports/mens-soccer,588383,III
Wingate,https://wingatebulldogs.com/sports/mens-soccer,1462,II
Winthrop,https://winthropeagles.com/sports/mens-soccer,587856,I
Wis. Lutheran,https://wlcsports.com/sports/mens-soccer,8911,III
Wis.-Eau Claire,https://blugolds.com/sports/mens-soccer,793,III
Wisconsin,https://uwbadgers.com/sports/mens-soccer,796,I
Wisconsin-Parkside,https://parksiderangers.com/sports/mens-soccer,799,II
Wisconsin-Platteville,https://letsgopioneers.com/sports/msoc/index,588350,III
Wisconsin-Stevens Point,https://athletics.uwsp.edu/sports/mens-soccer,802,III
Wisconsin-Stout,https://stoutbluedevils.com/sports/mens-soccer,803,III
Wisconsin-Superior,https://uwsyellowjackets.com/sports/mens-soccer,804,III
Wisconsin-Whitewater,https://uwwsports.com/sports/mens-soccer,805,III
Wittenberg,https://wittenbergtigers.com/sports/msoc/index,588353,III
Wm. Paterson,https://www.wpupioneers.com/sports/mens-soccer,588348,III
Wofford,https://woffordterriers.com/sports/mens-soccer,2915,I
Wooster,https://www.woosterathletics.com/sports/msoc/index,588354,III
Worcester State,https://www.wsulancers.com/sports/msoc/index,588356,III
WPI,https://athletics.wpi.edu/sports/mens-soccer,808,III
Wright St.,https://wsuraiders.com/sports/mens-soccer,810,I
Xavier,https://goxavier.com/sports/mens-soccer,812,I
Yale,https://yalebulldogs.com/sports/mens-soccer,813,I
Yeshiva,https://yumacs.com/sports/mens-soccer,588357,III
York (NY),https://yorkathletics.com/sports/mens-soccer,588327,III
York (PA),https://ycpspartans.com/sports/mens-soccer,815,III
Young Harris,https://yhcathletics.com/sports/mens-soccer,30154,II